Timestamp,User Count,Type,Name,Requests/s,Failures/s,50%,66%,75%,80%,90%,95%,98%,99%,99.9%,99.99%,100%,Total Request Count,Total Failure Count,Total Median Response Time,Total Average Response Time,Total Min Response Time,Total Max Response Time,Total Average Content Size
1763934443,0,,Aggregated,0.000000,0.000000,N/A,N/A,N/A,N/A,N/A,N/A,N/A,N/A,N/A,N/A,N/A,0,0,0,0.0,0,0,0
1763934444,5,,Aggregated,0.000000,0.000000,N/A,N/A,N/A,N/A,N/A,N/A,N/A,N/A,N/A,N/A,N/A,0,0,0,0.0,0,0,0
1763934445,10,,Aggregated,0.000000,0.000000,N/A,N/A,N/A,N/A,N/A,N/A,N/A,N/A,N/A,N/A,N/A,0,0,0,0.0,0,0,0
1763934446,15,,Aggregated,0.000000,0.000000,N/A,N/A,N/A,N/A,N/A,N/A,N/A,N/A,N/A,N/A,N/A,0,0,0,0.0,0,0,0
1763934447,25,,Aggregated,0.000000,0.000000,N/A,N/A,N/A,N/A,N/A,N/A,N/A,N/A,N/A,N/A,N/A,0,0,0,0.0,0,0,0
1763934448,30,,Aggregated,0.000000,0.000000,N/A,N/A,N/A,N/A,N/A,N/A,N/A,N/A,N/A,N/A,N/A,0,0,0,0.0,0,0,0
1763934449,35,,Aggregated,0.000000,0.000000,N/A,N/A,N/A,N/A,N/A,N/A,N/A,N/A,N/A,N/A,N/A,0,0,0,0.0,0,0,0
1763934450,40,,Aggregated,0.000000,0.000000,N/A,N/A,N/A,N/A,N/A,N/A,N/A,N/A,N/A,N/A,N/A,0,0,0,0.0,0,0,0
1763934451,45,,Aggregated,0.000000,0.000000,N/A,N/A,N/A,N/A,N/A,N/A,N/A,N/A,N/A,N/A,N/A,0,0,0,0.0,0,0,0
1763934452,50,,Aggregated,0.000000,0.000000,N/A,N/A,N/A,N/A,N/A,N/A,N/A,N/A,N/A,N/A,N/A,0,0,0,0.0,0,0,0
1763934453,50,,Aggregated,0.000000,0.000000,N/A,N/A,N/A,N/A,N/A,N/A,N/A,N/A,N/A,N/A,N/A,0,0,0,0.0,0,0,0
1763934454,50,,Aggregated,0.000000,0.000000,N/A,N/A,N/A,N/A,N/A,N/A,N/A,N/A,N/A,N/A,N/A,0,0,0,0.0,0,0,0
1763934455,50,,Aggregated,0.000000,0.000000,N/A,N/A,N/A,N/A,N/A,N/A,N/A,N/A,N/A,N/A,N/A,0,0,0,0.0,0,0,0
1763934456,50,,Aggregated,0.000000,0.000000,N/A,N/A,N/A,N/A,N/A,N/A,N/A,N/A,N/A,N/A,N/A,0,0,0,0.0,0,0,0
1763934457,50,,Aggregated,0.000000,0.000000,N/A,N/A,N/A,N/A,N/A,N/A,N/A,N/A,N/A,N/A,N/A,0,0,0,0.0,0,0,0
1763934458,50,,Aggregated,0.000000,0.000000,N/A,N/A,N/A,N/A,N/A,N/A,N/A,N/A,N/A,N/A,N/A,0,0,0,0.0,0,0,0
1763934459,50,,Aggregated,0.000000,0.000000,N/A,N/A,N/A,N/A,N/A,N/A,N/A,N/A,N/A,N/A,N/A,0,0,0,0.0,0,0,0
1763934460,50,,Aggregated,0.000000,0.000000,N/A,N/A,N/A,N/A,N/A,N/A,N/A,N/A,N/A,N/A,N/A,0,0,0,0.0,0,0,0
1763934461,50,,Aggregated,0.000000,0.000000,N/A,N/A,N/A,N/A,N/A,N/A,N/A,N/A,N/A,N/A,N/A,0,0,0,0.0,0,0,0
1763934462,50,,Aggregated,0.000000,0.000000,N/A,N/A,N/A,N/A,N/A,N/A,N/A,N/A,N/A,N/A,N/A,0,0,0,0.0,0,0,0
1763934463,50,,Aggregated,0.000000,0.000000,N/A,N/A,N/A,N/A,N/A,N/A,N/A,N/A,N/A,N/A,N/A,0,0,0,0.0,0,0,0
1763934464,50,,Aggregated,0.000000,0.000000,N/A,N/A,N/A,N/A,N/A,N/A,N/A,N/A,N/A,N/A,N/A,0,0,0,0.0,0,0,0
1763934465,50,,Aggregated,0.000000,0.000000,N/A,N/A,N/A,N/A,N/A,N/A,N/A,N/A,N/A,N/A,N/A,0,0,0,0.0,0,0,0
1763934466,50,,Aggregated,0.000000,0.000000,N/A,N/A,N/A,N/A,N/A,N/A,N/A,N/A,N/A,N/A,N/A,0,0,0,0.0,0,0,0
1763934467,50,,Aggregated,0.000000,0.000000,N/A,N/A,N/A,N/A,N/A,N/A,N/A,N/A,N/A,N/A,N/A,0,0,0,0.0,0,0,0
1763934468,50,,Aggregated,0.000000,0.000000,N/A,N/A,N/A,N/A,N/A,N/A,N/A,N/A,N/A,N/A,N/A,0,0,0,0.0,0,0,0
1763934469,50,,Aggregated,0.000000,0.000000,N/A,N/A,N/A,N/A,N/A,N/A,N/A,N/A,N/A,N/A,N/A,0,0,0,0.0,0,0,0
1763934470,50,,Aggregated,0.000000,0.000000,N/A,N/A,N/A,N/A,N/A,N/A,N/A,N/A,N/A,N/A,N/A,0,0,0,0.0,0,0,0
1763934471,50,,Aggregated,0.000000,0.000000,N/A,N/A,N/A,N/A,N/A,N/A,N/A,N/A,N/A,N/A,N/A,0,0,0,0.0,0,0,0
1763934472,50,,Aggregated,0.000000,0.000000,N/A,N/A,N/A,N/A,N/A,N/A,N/A,N/A,N/A,N/A,N/A,0,0,0,0.0,0,0,0
1763934473,50,,Aggregated,0.000000,0.000000,30000,30000,30000,30000,30000,30000,30000,30000,30000,30000,30000,5,5,30019.213099963963,30022.910639992915,30019.213099963963,30032.94659999665,0.0
1763934474,50,,Aggregated,0.000000,0.000000,30000,30000,30000,30000,30000,30000,30000,30000,30000,30000,30000,10,10,30013.223699992523,30018.498900020495,30013.223699992523,30032.94659999665,0.0
1763934475,50,,Aggregated,0.000000,0.000000,30000,30000,30000,30000,30000,30000,30000,30000,30000,30000,30000,15,15,30013.223699992523,30018.144980010886,30013.223699992523,30032.94659999665,0.0
1763934476,50,,Aggregated,0.500000,0.500000,30000,30000,30000,30000,30000,30000,30000,30000,30000,30000,30000,20,20,30013.223699992523,30020.300670008874,30013.223699992523,30032.94659999665,0.0
1763934477,50,,Aggregated,1.000000,1.000000,30000,30000,30000,30000,30000,30000,30000,30000,30000,30000,30000,25,25,30013.223699992523,30019.301896002144,30013.223699992523,30032.94659999665,0.0
1763934478,50,,Aggregated,1.500000,1.500000,30000,30000,30000,30000,30000,30000,30000,30000,30000,30000,30000,30,30,30013.223699992523,30019.27462000555,30013.223699992523,30032.94659999665,0.0
1763934479,50,,Aggregated,2.000000,2.000000,30000,30000,30000,30000,30000,30000,30000,30000,30000,30000,30000,35,35,30006.874699960463,30017.728845718582,30006.874699960463,30032.94659999665,0.0
1763934480,50,,Aggregated,2.500000,2.500000,30000,30000,30000,30000,30000,30000,30000,30000,30000,30000,30000,40,40,30006.874699960463,30018.88076000032,30006.874699960463,30032.94659999665,0.0
1763934481,50,,Aggregated,3.000000,3.000000,30000,30000,30000,30000,30000,30000,30000,30000,30000,30000,30000,45,45,30006.874699960463,30017.953293335933,30006.874699960463,30032.94659999665,0.0
1763934482,50,,Aggregated,3.500000,3.500000,30000,30000,30000,30000,30000,30000,30000,30000,30000,30000,30000,50,50,30006.874699960463,30017.67140400363,30006.874699960463,30032.94659999665,0.0
1763934483,50,,Aggregated,3.500000,3.500000,30000,30000,30000,30000,30000,30000,30000,30000,30000,30000,30000,50,50,30006.874699960463,30017.67140400363,30006.874699960463,30032.94659999665,0.0
1763934484,50,,Aggregated,3.500000,3.500000,30000,30000,30000,30000,30000,30000,30000,30000,30000,30000,30000,50,50,30006.874699960463,30017.67140400363,30006.874699960463,30032.94659999665,0.0
1763934485,50,,Aggregated,3.500000,3.500000,30000,30000,30000,30000,30000,30000,30000,30000,30000,30000,30000,50,50,30006.874699960463,30017.67140400363,30006.874699960463,30032.94659999665,0.0
1763934486,50,,Aggregated,3.500000,3.500000,30000,30000,30000,30000,30000,30000,30000,30000,30000,30000,30000,50,50,30006.874699960463,30017.67140400363,30006.874699960463,30032.94659999665,0.0
1763934487,50,,Aggregated,3.500000,3.500000,30000,30000,30000,30000,30000,30000,30000,30000,30000,30000,30000,50,50,30006.874699960463,30017.67140400363,30006.874699960463,30032.94659999665,0.0
1763934488,50,,Aggregated,3.500000,3.500000,30000,30000,30000,30000,30000,30000,30000,30000,30000,30000,30000,50,50,30006.874699960463,30017.67140400363,30006.874699960463,30032.94659999665,0.0
1763934489,50,,Aggregated,3.500000,3.500000,30000,30000,30000,30000,30000,30000,30000,30000,30000,30000,30000,50,50,30006.874699960463,30017.67140400363,30006.874699960463,30032.94659999665,0.0
1763934490,50,,Aggregated,3.500000,3.500000,30000,30000,30000,30000,30000,30000,30000,30000,30000,30000,30000,50,50,30006.874699960463,30017.67140400363,30006.874699960463,30032.94659999665,0.0
1763934491,50,,Aggregated,3.500000,3.500000,30000,30000,30000,30000,30000,30000,30000,30000,30000,30000,30000,50,50,30006.874699960463,30017.67140400363,30006.874699960463,30032.94659999665,0.0
1763934492,50,,Aggregated,3.500000,3.500000,30000,30000,30000,30000,30000,30000,30000,30000,30000,30000,30000,50,50,30006.874699960463,30017.67140400363,30006.874699960463,30032.94659999665,0.0
1763934493,50,,Aggregated,3.500000,3.500000,30000,30000,30000,30000,30000,30000,30000,30000,30000,30000,30000,50,50,30006.874699960463,30017.67140400363,30006.874699960463,30032.94659999665,0.0
1763934494,50,,Aggregated,3.500000,3.500000,30000,30000,30000,30000,30000,30000,30000,30000,30000,30000,30000,50,50,30006.874699960463,30017.67140400363,30006.874699960463,30032.94659999665,0.0
1763934495,50,,Aggregated,3.500000,3.500000,30000,30000,30000,30000,30000,30000,30000,30000,30000,30000,30000,50,50,30006.874699960463,30017.67140400363,30006.874699960463,30032.94659999665,0.0
1763934496,50,,Aggregated,3.500000,3.500000,30000,30000,30000,30000,30000,30000,30000,30000,30000,30000,30000,50,50,30006.874699960463,30017.67140400363,30006.874699960463,30032.94659999665,0.0
1763934497,50,,Aggregated,3.500000,3.500000,30000,30000,30000,30000,30000,30000,30000,30000,30000,30000,30000,50,50,30006.874699960463,30017.67140400363,30006.874699960463,30032.94659999665,0.0
1763934498,50,,Aggregated,3.500000,3.500000,30000,30000,30000,30000,30000,30000,30000,30000,30000,30000,30000,50,50,30006.874699960463,30017.67140400363,30006.874699960463,30032.94659999665,0.0
1763934499,50,,Aggregated,3.500000,3.500000,30000,30000,30000,30000,30000,30000,30000,30000,30000,30000,30000,50,50,30006.874699960463,30017.67140400363,30006.874699960463,30032.94659999665,0.0
1763934500,50,,Aggregated,3.500000,3.500000,30000,30000,30000,30000,30000,30000,30000,30000,30000,30000,30000,50,50,30006.874699960463,30017.67140400363,30006.874699960463,30032.94659999665,0.0
1763934501,50,,Aggregated,3.500000,3.500000,30000,30000,30000,30000,30000,30000,30000,30000,30000,30000,30000,50,50,30006.874699960463,30017.67140400363,30006.874699960463,30032.94659999665,0.0
1763934502,50,,Aggregated,3.500000,3.500000,30000,30000,30000,30000,30000,30000,30000,30000,30000,30000,30000,50,50,30006.874699960463,30017.67140400363,30006.874699960463,30032.94659999665,0.0
1763934503,50,,Aggregated,3.500000,3.500000,30000,30000,30000,30000,30000,30000,30000,30000,30000,30000,30000,50,50,30006.874699960463,30017.67140400363,30006.874699960463,30032.94659999665,0.0
1763934504,50,,Aggregated,0.000000,0.000000,30000,30000,30000,30000,30000,30000,30000,30000,30000,30000,30000,51,51,30001.745600020513,30017.359133337297,30001.745600020513,30032.94659999665,0.0
1763934505,50,,Aggregated,0.000000,0.000000,30000,30000,30000,30000,30000,30000,30000,30000,30000,30000,30000,56,56,30001.745600020513,30017.34543571781,30001.745600020513,30032.94659999665,0.0
1763934506,50,,Aggregated,0.000000,0.000000,30000,30000,30000,30000,30000,30000,30000,30000,30000,30000,30000,60,60,30001.745600020513,30016.850676666945,30001.745600020513,30032.94659999665,0.0
1763934507,50,,Aggregated,0.000000,0.000000,30000,30000,30000,30000,30000,30000,30000,30000,30000,30000,30000,62,62,30001.745600020513,30016.39877258229,30001.745600020513,30032.94659999665,0.0
1763934508,50,,Aggregated,0.600000,0.600000,30000,30000,30000,30000,30000,30000,30000,30000,30000,30000,30000,68,68,30001.745600020513,30016.7783279441,30001.745600020513,30032.96360000968,0.0
1763934509,50,,Aggregated,1.200000,1.200000,30000,30000,30000,30000,30000,30000,30000,30000,30000,30000,30000,72,72,30001.745600020513,30016.743797225194,30001.745600020513,30032.96360000968,0.0
1763934510,50,,Aggregated,1.200000,1.200000,30000,30000,30000,30000,30000,30000,30000,30000,30000,30000,30000,77,77,30001.745600020513,30016.77021558711,30001.745600020513,30032.96360000968,0.0
1763934511,50,,Aggregated,2.000000,2.000000,30000,30000,30000,30000,30000,30000,30000,30000,30000,30000,30000,85,85,30001.745600020513,30016.6044352987,30001.745600020513,30032.96360000968,0.0
1763934512,50,,Aggregated,2.700000,2.700000,30000,30000,30000,30000,30000,30000,30000,30000,30000,30000,30000,89,89,30001.745600020513,30016.75835056649,30001.745600020513,30032.96360000968,0.0
1763934513,50,,Aggregated,3.100000,3.100000,30000,30000,30000,30000,30000,30000,30000,30000,30000,30000,30000,97,97,30001.745600020513,30016.341683508817,30001.745600020513,30032.96360000968,0.0
1763934514,50,,Aggregated,3.700000,3.700000,30000,30000,30000,30000,30000,30000,30000,30000,30000,30000,30000,99,99,30001.745600020513,30016.34749192321,30001.745600020513,30032.96360000968,0.0
1763934515,50,,Aggregated,4.100000,4.100000,30000,30000,30000,30000,30000,30000,30000,30000,30000,30000,30000,100,100,30001.745600020513,30016.379007004434,30001.745600020513,30032.96360000968,0.0
1763934516,50,,Aggregated,4.100000,4.100000,30000,30000,30000,30000,30000,30000,30000,30000,30000,30000,30000,100,100,30001.745600020513,30016.379007004434,30001.745600020513,30032.96360000968,0.0
1763934517,50,,Aggregated,4.100000,4.100000,30000,30000,30000,30000,30000,30000,30000,30000,30000,30000,30000,100,100,30001.745600020513,30016.379007004434,30001.745600020513,30032.96360000968,0.0
1763934518,50,,Aggregated,4.100000,4.100000,30000,30000,30000,30000,30000,30000,30000,30000,30000,30000,30000,100,100,30001.745600020513,30016.379007004434,30001.745600020513,30032.96360000968,0.0
1763934519,50,,Aggregated,4.100000,4.100000,30000,30000,30000,30000,30000,30000,30000,30000,30000,30000,30000,100,100,30001.745600020513,30016.379007004434,30001.745600020513,30032.96360000968,0.0
1763934520,50,,Aggregated,4.100000,4.100000,30000,30000,30000,30000,30000,30000,30000,30000,30000,30000,30000,100,100,30001.745600020513,30016.379007004434,30001.745600020513,30032.96360000968,0.0
1763934521,50,,Aggregated,4.100000,4.100000,30000,30000,30000,30000,30000,30000,30000,30000,30000,30000,30000,100,100,30001.745600020513,30016.379007004434,30001.745600020513,30032.96360000968,0.0
1763934522,50,,Aggregated,4.100000,4.100000,30000,30000,30000,30000,30000,30000,30000,30000,30000,30000,30000,100,100,30001.745600020513,30016.379007004434,30001.745600020513,30032.96360000968,0.0
1763934523,50,,Aggregated,4.100000,4.100000,30000,30000,30000,30000,30000,30000,30000,30000,30000,30000,30000,100,100,30001.745600020513,30016.379007004434,30001.745600020513,30032.96360000968,0.0
1763934524,50,,Aggregated,4.100000,4.100000,30000,30000,30000,30000,30000,30000,30000,30000,30000,30000,30000,100,100,30001.745600020513,30016.379007004434,30001.745600020513,30032.96360000968,0.0
1763934525,50,,Aggregated,4.100000,4.100000,30000,30000,30000,30000,30000,30000,30000,30000,30000,30000,30000,100,100,30001.745600020513,30016.379007004434,30001.745600020513,30032.96360000968,0.0
1763934526,50,,Aggregated,4.100000,4.100000,30000,30000,30000,30000,30000,30000,30000,30000,30000,30000,30000,100,100,30001.745600020513,30016.379007004434,30001.745600020513,30032.96360000968,0.0
1763934527,50,,Aggregated,4.100000,4.100000,30000,30000,30000,30000,30000,30000,30000,30000,30000,30000,30000,100,100,30001.745600020513,30016.379007004434,30001.745600020513,30032.96360000968,0.0
1763934528,50,,Aggregated,4.100000,4.100000,30000,30000,30000,30000,30000,30000,30000,30000,30000,30000,30000,100,100,30001.745600020513,30016.379007004434,30001.745600020513,30032.96360000968,0.0
1763934529,50,,Aggregated,4.100000,4.100000,30000,30000,30000,30000,30000,30000,30000,30000,30000,30000,30000,100,100,30001.745600020513,30016.379007004434,30001.745600020513,30032.96360000968,0.0
1763934530,50,,Aggregated,4.100000,4.100000,30000,30000,30000,30000,30000,30000,30000,30000,30000,30000,30000,100,100,30001.745600020513,30016.379007004434,30001.745600020513,30032.96360000968,0.0
1763934531,50,,Aggregated,4.100000,4.100000,30000,30000,30000,30000,30000,30000,30000,30000,30000,30000,30000,100,100,30001.745600020513,30016.379007004434,30001.745600020513,30032.96360000968,0.0
1763934532,50,,Aggregated,4.100000,4.100000,30000,30000,30000,30000,30000,30000,30000,30000,30000,30000,30000,100,100,30001.745600020513,30016.379007004434,30001.745600020513,30032.96360000968,0.0
1763934533,50,,Aggregated,4.100000,4.100000,30000,30000,30000,30000,30000,30000,30000,30000,30000,30000,30000,100,100,30001.745600020513,30016.379007004434,30001.745600020513,30032.96360000968,0.0
1763934534,50,,Aggregated,4.100000,4.100000,30000,30000,30000,30000,30000,30000,30000,30000,30000,30000,30000,100,100,30001.745600020513,30016.379007004434,30001.745600020513,30032.96360000968,0.0
1763934535,50,,Aggregated,4.100000,4.100000,30000,30000,30000,30000,30000,30000,30000,30000,30000,30000,30000,100,100,30001.745600020513,30016.379007004434,30001.745600020513,30032.96360000968,0.0
1763934536,50,,Aggregated,0.000000,0.000000,30000,30000,30000,30000,30000,30000,30000,30000,30000,30000,30000,102,102,30001.745600020513,30016.383836278692,30001.745600020513,30032.96360000968,0.0
1763934537,50,,Aggregated,0.000000,0.000000,30000,30000,30000,30000,30000,30000,30000,30000,30000,30000,30000,108,108,30001.745600020513,30016.18504629975,30001.745600020513,30032.96360000968,0.0
1763934538,50,,Aggregated,0.000000,0.000000,30000,30000,30000,30000,30000,30000,30000,30000,30000,30000,30000,111,111,30001.745600020513,30016.06520901325,30001.745600020513,30032.96360000968,0.0
1763934539,50,,Aggregated,0.300000,0.300000,30000,30000,30000,30000,30000,30000,30000,30000,30000,30000,30000,114,114,30001.745600020513,30016.134184214345,30001.745600020513,30032.96360000968,0.0
1763934540,50,,Aggregated,0.800000,0.800000,30000,30000,30000,30000,30000,30000,30000,30000,30000,30000,30000,120,120,30001.745600020513,30016.064095003338,30001.745600020513,30032.96360000968,0.0
1763934541,50,,Aggregated,1.200000,1.200000,30000,30000,30000,30000,30000,30000,30000,30000,30000,30000,30000,125,125,30001.745600020513,30015.84613200277,30001.745600020513,30032.96360000968,0.0
1763934542,50,,Aggregated,1.400000,1.400000,30000,30000,30000,30000,30000,30000,30000,30000,30000,30000,30000,130,130,30001.745600020513,30015.638786925076,30001.745600020513,30032.96360000968,0.0
1763934543,50,,Aggregated,2.000000,2.000000,30000,30000,30000,30000,30000,30000,30000,30000,30000,30000,30000,135,135,30001.745600020513,30015.587811853253,30001.745600020513,30032.96360000968,0.0
1763934544,50,,Aggregated,2.700000,2.700000,30000,30000,30000,30000,30000,30000,30000,30000,30000,30000,30000,141,141,30001.745600020513,30015.633792910354,30001.745600020513,30032.96360000968,0.0
1763934545,50,,Aggregated,3.000000,3.000000,30000,30000,30000,30000,30000,30000,30000,30000,30000,30000,30000,146,146,30001.745600020513,30015.57637534618,30001.745600020513,30032.96360000968,0.0
1763934546,50,,Aggregated,3.500000,3.500000,30000,30000,30000,30000,30000,30000,30000,30000,30000,30000,30000,150,150,30001.745600020513,30015.388710671104,30001.745600020513,30032.96360000968,0.0
1763934547,50,,Aggregated,3.500000,3.500000,30000,30000,30000,30000,30000,30000,30000,30000,30000,30000,30000,150,150,30001.745600020513,30015.388710671104,30001.745600020513,30032.96360000968,0.0
1763934548,50,,Aggregated,3.500000,3.500000,30000,30000,30000,30000,30000,30000,30000,30000,30000,30000,30000,150,150,30001.745600020513,30015.388710671104,30001.745600020513,30032.96360000968,0.0
1763934549,50,,Aggregated,3.500000,3.500000,30000,30000,30000,30000,30000,30000,30000,30000,30000,30000,30000,150,150,30001.745600020513,30015.388710671104,30001.745600020513,30032.96360000968,0.0
1763934550,50,,Aggregated,3.500000,3.500000,30000,30000,30000,30000,30000,30000,30000,30000,30000,30000,30000,150,150,30001.745600020513,30015.388710671104,30001.745600020513,30032.96360000968,0.0
1763934551,50,,Aggregated,3.500000,3.500000,30000,30000,30000,30000,30000,30000,30000,30000,30000,30000,30000,150,150,30001.745600020513,30015.388710671104,30001.745600020513,30032.96360000968,0.0
1763934552,50,,Aggregated,3.500000,3.500000,30000,30000,30000,30000,30000,30000,30000,30000,30000,30000,30000,150,150,30001.745600020513,30015.388710671104,30001.745600020513,30032.96360000968,0.0
1763934553,50,,Aggregated,3.500000,3.500000,30000,30000,30000,30000,30000,30000,30000,30000,30000,30000,30000,150,150,30001.745600020513,30015.388710671104,30001.745600020513,30032.96360000968,0.0
1763934554,50,,Aggregated,3.500000,3.500000,30000,30000,30000,30000,30000,30000,30000,30000,30000,30000,30000,150,150,30001.745600020513,30015.388710671104,30001.745600020513,30032.96360000968,0.0
1763934555,50,,Aggregated,3.500000,3.500000,30000,30000,30000,30000,30000,30000,30000,30000,30000,30000,30000,150,150,30001.745600020513,30015.388710671104,30001.745600020513,30032.96360000968,0.0
1763934556,50,,Aggregated,3.500000,3.500000,30000,30000,30000,30000,30000,30000,30000,30000,30000,30000,30000,150,150,30001.745600020513,30015.388710671104,30001.745600020513,30032.96360000968,0.0
1763934557,50,,Aggregated,3.500000,3.500000,30000,30000,30000,30000,30000,30000,30000,30000,30000,30000,30000,150,150,30001.745600020513,30015.388710671104,30001.745600020513,30032.96360000968,0.0
1763934558,50,,Aggregated,3.500000,3.500000,30000,30000,30000,30000,30000,30000,30000,30000,30000,30000,30000,150,150,30001.745600020513,30015.388710671104,30001.745600020513,30032.96360000968,0.0
1763934559,50,,Aggregated,3.500000,3.500000,30000,30000,30000,30000,30000,30000,30000,30000,30000,30000,30000,150,150,30001.745600020513,30015.388710671104,30001.745600020513,30032.96360000968,0.0
1763934560,50,,Aggregated,3.500000,3.500000,30000,30000,30000,30000,30000,30000,30000,30000,30000,30000,30000,150,150,30001.745600020513,30015.388710671104,30001.745600020513,30032.96360000968,0.0
1763934561,50,,Aggregated,3.500000,3.500000,30000,30000,30000,30000,30000,30000,30000,30000,30000,30000,30000,150,150,30001.745600020513,30015.388710671104,30001.745600020513,30032.96360000968,0.0
1763934563,50,,Aggregated,3.500000,3.500000,30000,30000,30000,30000,30000,30000,30000,30000,30000,30000,30000,150,150,30001.745600020513,30015.388710671104,30001.745600020513,30032.96360000968,0.0
1763934564,50,,Aggregated,3.500000,3.500000,30000,30000,30000,30000,30000,30000,30000,30000,30000,30000,30000,150,150,30001.745600020513,30015.388710671104,30001.745600020513,30032.96360000968,0.0
1763934565,50,,Aggregated,3.500000,3.500000,30000,30000,30000,30000,30000,30000,30000,30000,30000,30000,30000,150,150,30001.745600020513,30015.388710671104,30001.745600020513,30032.96360000968,0.0
1763934566,50,,Aggregated,3.500000,3.500000,30000,30000,30000,30000,30000,30000,30000,30000,30000,30000,30000,150,150,30001.745600020513,30015.388710671104,30001.745600020513,30032.96360000968,0.0
1763934567,50,,Aggregated,3.500000,3.500000,30000,30000,30000,30000,30000,30000,30000,30000,30000,30000,30000,150,150,30001.745600020513,30015.388710671104,30001.745600020513,30032.96360000968,0.0
1763934568,50,,Aggregated,0.000000,0.000000,30000,30000,30000,30000,30000,30000,30000,30000,30000,30000,30000,151,151,30001.745600020513,30015.301903978063,30001.745600020513,30032.96360000968,0.0
1763934569,50,,Aggregated,0.000000,0.000000,30000,30000,30000,30000,30000,30000,30000,30000,30000,30000,30000,155,155,30001.745600020513,30015.280136777717,30001.745600020513,30032.96360000968,0.0
1763934570,50,,Aggregated,0.000000,0.000000,30000,30000,30000,30000,30000,30000,30000,30000,30000,30000,30000,158,158,30001.745600020513,30015.16168101623,30001.745600020513,30032.96360000968,0.0
1763934571,50,,Aggregated,0.100000,0.100000,30000,30000,30000,30000,30000,30000,30000,30000,30000,30000,30000,160,160,30001.745600020513,30015.202923129254,30001.745600020513,30032.96360000968,0.0
1763934572,50,,Aggregated,0.500000,0.500000,30000,30000,30000,30000,30000,30000,30000,30000,30000,30000,30000,167,167,30001.745600020513,30015.05697006499,30001.745600020513,30032.96360000968,0.0
1763934573,50,,Aggregated,0.800000,0.800000,30000,30000,30000,30000,30000,30000,30000,30000,30000,30000,30000,170,170,30001.745600020513,30015.065210592686,30001.745600020513,30032.96360000968,0.0
1763934574,50,,Aggregated,1.700000,1.700000,30000,30000,30000,30000,30000,30000,30000,30000,30000,30000,30000,176,176,30001.745600020513,30015.020089778278,30001.745600020513,30032.96360000968,0.0
1763934575,50,,Aggregated,1.700000,1.700000,30000,30000,30000,30000,30000,30000,30000,30000,30000,30000,30000,181,181,30001.745600020513,30014.923907188026,30001.745600020513,30032.96360000968,0.0
1763934576,50,,Aggregated,2.400000,2.400000,30000,30000,30000,30000,30000,30000,30000,30000,30000,30000,30000,188,188,30001.745600020513,30014.87580639003,30001.745600020513,30032.96360000968,0.0
1763934577,50,,Aggregated,2.400000,2.400000,30000,30000,30000,30000,30000,30000,30000,30000,30000,30000,30000,192,192,30001.745600020513,30014.85811250738,30001.745600020513,30032.96360000968,0.0
1763934578,50,,Aggregated,3.100000,3.100000,30000,30000,30000,30000,30000,30000,30000,30000,30000,30000,30000,195,195,30001.745600020513,30014.837029237206,30001.745600020513,30032.96360000968,0.0
1763934579,50,,Aggregated,4.200000,4.200000,30000,30000,30000,30000,30000,30000,30000,30000,30000,30000,30000,200,200,30001.745600020513,30014.789529005648,30001.745600020513,30032.96360000968,0.0
1763934580,50,,Aggregated,4.200000,4.200000,30000,30000,30000,30000,30000,30000,30000,30000,30000,30000,30000,200,200,30001.745600020513,30014.789529005648,30001.745600020513,30032.96360000968,0.0
1763934581,50,,Aggregated,4.200000,4.200000,30000,30000,30000,30000,30000,30000,30000,30000,30000,30000,30000,200,200,30001.745600020513,30014.789529005648,30001.745600020513,30032.96360000968,0.0
1763934582,50,,Aggregated,4.200000,4.200000,30000,30000,30000,30000,30000,30000,30000,30000,30000,30000,30000,200,200,30001.745600020513,30014.789529005648,30001.745600020513,30032.96360000968,0.0
1763934583,50,,Aggregated,4.200000,4.200000,30000,30000,30000,30000,30000,30000,30000,30000,30000,30000,30000,200,200,30001.745600020513,30014.789529005648,30001.745600020513,30032.96360000968,0.0
1763934584,50,,Aggregated,4.200000,4.200000,30000,30000,30000,30000,30000,30000,30000,30000,30000,30000,30000,200,200,30001.745600020513,30014.789529005648,30001.745600020513,30032.96360000968,0.0
1763934585,50,,Aggregated,4.200000,4.200000,30000,30000,30000,30000,30000,30000,30000,30000,30000,30000,30000,200,200,30001.745600020513,30014.789529005648,30001.745600020513,30032.96360000968,0.0
1763934586,50,,Aggregated,4.200000,4.200000,30000,30000,30000,30000,30000,30000,30000,30000,30000,30000,30000,200,200,30001.745600020513,30014.789529005648,30001.745600020513,30032.96360000968,0.0
1763934587,50,,Aggregated,4.200000,4.200000,30000,30000,30000,30000,30000,30000,30000,30000,30000,30000,30000,200,200,30001.745600020513,30014.789529005648,30001.745600020513,30032.96360000968,0.0
1763934588,50,,Aggregated,4.200000,4.200000,30000,30000,30000,30000,30000,30000,30000,30000,30000,30000,30000,200,200,30001.745600020513,30014.789529005648,30001.745600020513,30032.96360000968,0.0
1763934589,50,,Aggregated,4.200000,4.200000,30000,30000,30000,30000,30000,30000,30000,30000,30000,30000,30000,200,200,30001.745600020513,30014.789529005648,30001.745600020513,30032.96360000968,0.0
1763934590,50,,Aggregated,4.200000,4.200000,30000,30000,30000,30000,30000,30000,30000,30000,30000,30000,30000,200,200,30001.745600020513,30014.789529005648,30001.745600020513,30032.96360000968,0.0
1763934591,50,,Aggregated,4.200000,4.200000,30000,30000,30000,30000,30000,30000,30000,30000,30000,30000,30000,200,200,30001.745600020513,30014.789529005648,30001.745600020513,30032.96360000968,0.0
1763934592,50,,Aggregated,4.200000,4.200000,30000,30000,30000,30000,30000,30000,30000,30000,30000,30000,30000,200,200,30001.745600020513,30014.789529005648,30001.745600020513,30032.96360000968,0.0
1763934593,50,,Aggregated,4.200000,4.200000,30000,30000,30000,30000,30000,30000,30000,30000,30000,30000,30000,200,200,30001.745600020513,30014.789529005648,30001.745600020513,30032.96360000968,0.0
1763934594,50,,Aggregated,4.200000,4.200000,30000,30000,30000,30000,30000,30000,30000,30000,30000,30000,30000,200,200,30001.745600020513,30014.789529005648,30001.745600020513,30032.96360000968,0.0
1763934595,50,,Aggregated,4.200000,4.200000,30000,30000,30000,30000,30000,30000,30000,30000,30000,30000,30000,200,200,30001.745600020513,30014.789529005648,30001.745600020513,30032.96360000968,0.0
1763934596,50,,Aggregated,4.200000,4.200000,30000,30000,30000,30000,30000,30000,30000,30000,30000,30000,30000,200,200,30001.745600020513,30014.789529005648,30001.745600020513,30032.96360000968,0.0
1763934597,50,,Aggregated,4.200000,4.200000,30000,30000,30000,30000,30000,30000,30000,30000,30000,30000,30000,200,200,30001.745600020513,30014.789529005648,30001.745600020513,30032.96360000968,0.0
1763934598,50,,Aggregated,4.200000,4.200000,30000,30000,30000,30000,30000,30000,30000,30000,30000,30000,30000,200,200,30001.745600020513,30014.789529005648,30001.745600020513,30032.96360000968,0.0
1763934599,50,,Aggregated,4.200000,4.200000,30000,30000,30000,30000,30000,30000,30000,30000,30000,30000,30000,200,200,30001.745600020513,30014.789529005648,30001.745600020513,30032.96360000968,0.0
1763934600,50,,Aggregated,0.000000,0.000000,30000,30000,30000,30000,30000,30000,30000,30000,30000,30000,30000,203,203,30001.745600020513,30014.767485720065,30001.745600020513,30032.96360000968,0.0
1763934601,50,,Aggregated,0.000000,0.000000,30000,30000,30000,30000,30000,30000,30000,30000,30000,30000,30000,206,206,30001.745600020513,30014.80160922929,30001.745600020513,30032.96360000968,0.0
1763934602,50,,Aggregated,0.100000,0.100000,30000,30000,30000,30000,30000,30000,30000,30000,30000,30000,30000,210,210,30001.745600020513,30014.84205524404,30001.745600020513,30032.96360000968,0.0
1763934603,50,,Aggregated,0.100000,0.100000,30000,30000,30000,30000,30000,30000,30000,30000,30000,30000,30000,211,211,30001.745600020513,30014.8293383947,30001.745600020513,30032.96360000968,0.0
1763934604,50,,Aggregated,0.500000,0.500000,30000,30000,30000,30000,30000,30000,30000,30000,30000,30000,30000,216,216,30001.745600020513,30014.838111116896,30001.745600020513,30032.96360000968,0.0
1763934605,50,,Aggregated,1.100000,1.100000,30000,30000,30000,30000,30000,30000,30000,30000,30000,30000,30000,223,223,30001.745600020513,30014.803912112126,30001.745600020513,30032.96360000968,0.0
1763934606,50,,Aggregated,1.600000,1.600000,30000,30000,30000,30000,30000,30000,30000,30000,30000,30000,30000,227,227,30001.745600020513,30014.789553748913,30001.745600020513,30032.96360000968,0.0
1763934607,50,,Aggregated,1.900000,1.900000,30000,30000,30000,30000,30000,30000,30000,30000,30000,30000,30000,233,233,30001.745600020513,30014.643387986915,30001.745600020513,30032.96360000968,0.0
1763934608,50,,Aggregated,2.500000,2.500000,30000,30000,30000,30000,30000,30000,30000,30000,30000,30000,30000,240,240,30001.745600020513,30014.524268753787,30001.745600020513,30032.96360000968,0.0
1763934609,50,,Aggregated,2.900000,2.900000,30000,30000,30000,30000,30000,30000,30000,30000,30000,30000,30000,243,243,30001.745600020513,30014.554234571304,30001.745600020513,30032.96360000968,0.0
1763934610,50,,Aggregated,3.700000,3.700000,30000,30000,30000,30000,30000,30000,30000,30000,30000,30000,30000,248,248,30001.745600020513,30014.569527421696,30001.745600020513,30032.96360000968,0.0
1763934611,50,,Aggregated,3.700000,3.700000,30000,30000,30000,30000,30000,30000,30000,30000,30000,30000,30000,250,250,30001.745600020513,30014.574355602264,30001.745600020513,30032.96360000968,0.0
1763934612,50,,Aggregated,3.700000,3.700000,30000,30000,30000,30000,30000,30000,30000,30000,30000,30000,30000,250,250,30001.745600020513,30014.574355602264,30001.745600020513,30032.96360000968,0.0
1763934613,50,,Aggregated,3.700000,3.700000,30000,30000,30000,30000,30000,30000,30000,30000,30000,30000,30000,250,250,30001.745600020513,30014.574355602264,30001.745600020513,30032.96360000968,0.0
1763934614,50,,Aggregated,3.700000,3.700000,30000,30000,30000,30000,30000,30000,30000,30000,30000,30000,30000,250,250,30001.745600020513,30014.574355602264,30001.745600020513,30032.96360000968,0.0
1763934615,50,,Aggregated,3.700000,3.700000,30000,30000,30000,30000,30000,30000,30000,30000,30000,30000,30000,250,250,30001.745600020513,30014.574355602264,30001.745600020513,30032.96360000968,0.0
1763934616,50,,Aggregated,3.700000,3.700000,30000,30000,30000,30000,30000,30000,30000,30000,30000,30000,30000,250,250,30001.745600020513,30014.574355602264,30001.745600020513,30032.96360000968,0.0
1763934617,50,,Aggregated,3.700000,3.700000,30000,30000,30000,30000,30000,30000,30000,30000,30000,30000,30000,250,250,30001.745600020513,30014.574355602264,30001.745600020513,30032.96360000968,0.0
1763934618,50,,Aggregated,3.700000,3.700000,30000,30000,30000,30000,30000,30000,30000,30000,30000,30000,30000,250,250,30001.745600020513,30014.574355602264,30001.745600020513,30032.96360000968,0.0
1763934619,50,,Aggregated,3.700000,3.700000,30000,30000,30000,30000,30000,30000,30000,30000,30000,30000,30000,250,250,30001.745600020513,30014.574355602264,30001.745600020513,30032.96360000968,0.0
1763934620,50,,Aggregated,3.700000,3.700000,30000,30000,30000,30000,30000,30000,30000,30000,30000,30000,30000,250,250,30001.745600020513,30014.574355602264,30001.745600020513,30032.96360000968,0.0
1763934621,50,,Aggregated,3.700000,3.700000,30000,30000,30000,30000,30000,30000,30000,30000,30000,30000,30000,250,250,30001.745600020513,30014.574355602264,30001.745600020513,30032.96360000968,0.0
1763934622,50,,Aggregated,3.700000,3.700000,30000,30000,30000,30000,30000,30000,30000,30000,30000,30000,30000,250,250,30001.745600020513,30014.574355602264,30001.745600020513,30032.96360000968,0.0
1763934623,50,,Aggregated,3.700000,3.700000,30000,30000,30000,30000,30000,30000,30000,30000,30000,30000,30000,250,250,30001.745600020513,30014.574355602264,30001.745600020513,30032.96360000968,0.0
1763934624,50,,Aggregated,3.700000,3.700000,30000,30000,30000,30000,30000,30000,30000,30000,30000,30000,30000,250,250,30001.745600020513,30014.574355602264,30001.745600020513,30032.96360000968,0.0
1763934625,50,,Aggregated,3.700000,3.700000,30000,30000,30000,30000,30000,30000,30000,30000,30000,30000,30000,250,250,30001.745600020513,30014.574355602264,30001.745600020513,30032.96360000968,0.0
1763934626,50,,Aggregated,3.700000,3.700000,30000,30000,30000,30000,30000,30000,30000,30000,30000,30000,30000,250,250,30001.745600020513,30014.574355602264,30001.745600020513,30032.96360000968,0.0
1763934627,50,,Aggregated,3.700000,3.700000,30000,30000,30000,30000,30000,30000,30000,30000,30000,30000,30000,250,250,30001.745600020513,30014.574355602264,30001.745600020513,30032.96360000968,0.0
1763934628,50,,Aggregated,3.700000,3.700000,30000,30000,30000,30000,30000,30000,30000,30000,30000,30000,30000,250,250,30001.745600020513,30014.574355602264,30001.745600020513,30032.96360000968,0.0
1763934629,50,,Aggregated,3.700000,3.700000,30000,30000,30000,30000,30000,30000,30000,30000,30000,30000,30000,250,250,30001.745600020513,30014.574355602264,30001.745600020513,30032.96360000968,0.0
1763934630,50,,Aggregated,3.700000,3.700000,30000,30000,30000,30000,30000,30000,30000,30000,30000,30000,30000,250,250,30001.745600020513,30014.574355602264,30001.745600020513,30032.96360000968,0.0
1763934631,50,,Aggregated,3.700000,3.700000,30000,30000,30000,30000,30000,30000,30000,30000,30000,30000,30000,250,250,30001.745600020513,30014.574355602264,30001.745600020513,30032.96360000968,0.0
1763934632,50,,Aggregated,0.000000,0.000000,30000,30000,30000,30000,30000,30000,30000,30000,30000,30000,30000,251,251,30001.745600020513,30014.53605816937,30001.745600020513,30032.96360000968,0.0
1763934633,50,,Aggregated,0.000000,0.000000,30000,30000,30000,30000,30000,30000,30000,30000,30000,30000,30000,258,258,30001.745600020513,30014.417367831662,30001.745600020513,30032.96360000968,0.0
1763934634,50,,Aggregated,0.000000,0.000000,30000,30000,30000,30000,30000,30000,30000,30000,30000,30000,30000,261,261,30001.745600020513,30014.375540232053,30001.745600020513,30032.96360000968,0.0
1763934635,50,,Aggregated,0.300000,0.300000,30000,30000,30000,30000,30000,30000,30000,30000,30000,30000,30000,265,265,30001.745600020513,30014.40658264416,30001.745600020513,30032.96360000968,0.0
1763934636,50,,Aggregated,0.800000,0.800000,30000,30000,30000,30000,30000,30000,30000,30000,30000,30000,30000,268,268,30001.745600020513,30014.41049440538,30001.745600020513,30032.96360000968,0.0
1763934637,50,,Aggregated,1.200000,1.200000,30000,30000,30000,30000,30000,30000,30000,30000,30000,30000,30000,272,272,30001.745600020513,30014.418529046558,30001.745600020513,30032.96360000968,0.0
1763934638,50,,Aggregated,1.600000,1.600000,30000,30000,30000,30000,30000,30000,30000,30000,30000,30000,30000,278,278,30001.745600020513,30014.30670899572,30001.745600020513,30032.96360000968,0.0
1763934639,50,,Aggregated,2.000000,2.000000,30000,30000,30000,30000,30000,30000,30000,30000,30000,30000,30000,284,284,30001.745600020513,30014.279544369056,30001.745600020513,30032.96360000968,0.0
1763934640,50,,Aggregated,2.300000,2.300000,30000,30000,30000,30000,30000,30000,30000,30000,30000,30000,30000,290,290,30001.745600020513,30014.318545520346,30001.745600020513,30032.96360000968,0.0
1763934641,50,,Aggregated,3.000000,3.000000,30000,30000,30000,30000,30000,30000,30000,30000,30000,30000,30000,294,294,30001.745600020513,30014.35553469673,30001.745600020513,30032.96360000968,0.0
1763934642,50,,Aggregated,3.800000,3.800000,30000,30000,30000,30000,30000,30000,30000,30000,30000,30000,30000,299,299,30001.745600020513,30014.361221407507,30001.745600020513,30032.96360000968,0.0
1763934643,50,,Aggregated,3.800000,3.800000,30000,30000,30000,30000,30000,30000,30000,30000,30000,30000,30000,300,300,30001.745600020513,30014.370073336166,30001.745600020513,30032.96360000968,0.0
1763934644,50,,Aggregated,3.800000,3.800000,30000,30000,30000,30000,30000,30000,30000,30000,30000,30000,30000,300,300,30001.745600020513,30014.370073336166,30001.745600020513,30032.96360000968,0.0
1763934645,50,,Aggregated,3.800000,3.800000,30000,30000,30000,30000,30000,30000,30000,30000,30000,30000,30000,300,300,30001.745600020513,30014.370073336166,30001.745600020513,30032.96360000968,0.0
1763934646,50,,Aggregated,3.800000,3.800000,30000,30000,30000,30000,30000,30000,30000,30000,30000,30000,30000,300,300,30001.745600020513,30014.370073336166,30001.745600020513,30032.96360000968,0.0
1763934647,50,,Aggregated,3.800000,3.800000,30000,30000,30000,30000,30000,30000,30000,30000,30000,30000,30000,300,300,30001.745600020513,30014.370073336166,30001.745600020513,30032.96360000968,0.0
1763934648,50,,Aggregated,3.800000,3.800000,30000,30000,30000,30000,30000,30000,30000,30000,30000,30000,30000,300,300,30001.745600020513,30014.370073336166,30001.745600020513,30032.96360000968,0.0
1763934649,50,,Aggregated,3.800000,3.800000,30000,30000,30000,30000,30000,30000,30000,30000,30000,30000,30000,300,300,30001.745600020513,30014.370073336166,30001.745600020513,30032.96360000968,0.0
1763934650,50,,Aggregated,3.800000,3.800000,30000,30000,30000,30000,30000,30000,30000,30000,30000,30000,30000,300,300,30001.745600020513,30014.370073336166,30001.745600020513,30032.96360000968,0.0
1763934651,50,,Aggregated,3.800000,3.800000,30000,30000,30000,30000,30000,30000,30000,30000,30000,30000,30000,300,300,30001.745600020513,30014.370073336166,30001.745600020513,30032.96360000968,0.0
1763934652,50,,Aggregated,3.800000,3.800000,30000,30000,30000,30000,30000,30000,30000,30000,30000,30000,30000,300,300,30001.745600020513,30014.370073336166,30001.745600020513,30032.96360000968,0.0
1763934653,50,,Aggregated,3.800000,3.800000,30000,30000,30000,30000,30000,30000,30000,30000,30000,30000,30000,300,300,30001.745600020513,30014.370073336166,30001.745600020513,30032.96360000968,0.0
1763934654,50,,Aggregated,3.800000,3.800000,30000,30000,30000,30000,30000,30000,30000,30000,30000,30000,30000,300,300,30001.745600020513,30014.370073336166,30001.745600020513,30032.96360000968,0.0
1763934655,50,,Aggregated,3.800000,3.800000,30000,30000,30000,30000,30000,30000,30000,30000,30000,30000,30000,300,300,30001.745600020513,30014.370073336166,30001.745600020513,30032.96360000968,0.0
1763934656,50,,Aggregated,3.800000,3.800000,30000,30000,30000,30000,30000,30000,30000,30000,30000,30000,30000,300,300,30001.745600020513,30014.370073336166,30001.745600020513,30032.96360000968,0.0
1763934657,50,,Aggregated,3.800000,3.800000,30000,30000,30000,30000,30000,30000,30000,30000,30000,30000,30000,300,300,30001.745600020513,30014.370073336166,30001.745600020513,30032.96360000968,0.0
1763934658,50,,Aggregated,3.800000,3.800000,30000,30000,30000,30000,30000,30000,30000,30000,30000,30000,30000,300,300,30001.745600020513,30014.370073336166,30001.745600020513,30032.96360000968,0.0
1763934659,50,,Aggregated,3.800000,3.800000,30000,30000,30000,30000,30000,30000,30000,30000,30000,30000,30000,300,300,30001.745600020513,30014.370073336166,30001.745600020513,30032.96360000968,0.0
1763934660,50,,Aggregated,3.800000,3.800000,30000,30000,30000,30000,30000,30000,30000,30000,30000,30000,30000,300,300,30001.745600020513,30014.370073336166,30001.745600020513,30032.96360000968,0.0
1763934661,50,,Aggregated,3.800000,3.800000,30000,30000,30000,30000,30000,30000,30000,30000,30000,30000,30000,300,300,30001.745600020513,30014.370073336166,30001.745600020513,30032.96360000968,0.0
1763934662,50,,Aggregated,3.800000,3.800000,30000,30000,30000,30000,30000,30000,30000,30000,30000,30000,30000,300,300,30001.745600020513,30014.370073336166,30001.745600020513,30032.96360000968,0.0
1763934663,50,,Aggregated,3.800000,3.800000,30000,30000,30000,30000,30000,30000,30000,30000,30000,30000,30000,300,300,30001.745600020513,30014.370073336166,30001.745600020513,30032.96360000968,0.0
1763934664,50,,Aggregated,0.000000,0.000000,30000,30000,30000,30000,30000,30000,30000,30000,30000,30000,30000,301,301,30001.745600020513,30014.35707508588,30001.745600020513,30032.96360000968,0.0
1763934665,50,,Aggregated,0.000000,0.000000,30000,30000,30000,30000,30000,30000,30000,30000,30000,30000,30000,306,306,30001.745600020513,30014.392860133714,30001.745600020513,30032.96360000968,0.0
1763934666,50,,Aggregated,0.000000,0.000000,30000,30000,30000,30000,30000,30000,30000,30000,30000,30000,30000,313,313,30001.745600020513,30014.390123644658,30001.745600020513,30032.96360000968,0.0
1763934667,50,,Aggregated,0.300000,0.300000,30000,30000,30000,30000,30000,30000,30000,30000,30000,30000,30000,316,316,30001.745600020513,30014.409194939126,30001.745600020513,30032.96360000968,0.0
1763934668,50,,Aggregated,0.600000,0.600000,30000,30000,30000,30000,30000,30000,30000,30000,30000,30000,30000,319,319,30001.745600020513,30014.43442351294,30001.745600020513,30032.96360000968,0.0
1763934669,50,,Aggregated,1.400000,1.400000,30000,30000,30000,30000,30000,30000,30000,30000,30000,30000,30000,324,324,30001.745600020513,30014.38038487792,30001.745600020513,30032.96360000968,0.0
1763934670,50,,Aggregated,1.600000,1.600000,30000,30000,30000,30000,30000,30000,30000,30000,30000,30000,30000,329,329,30001.745600020513,30014.361073254127,30001.745600020513,30032.96360000968,0.0
1763934671,50,,Aggregated,1.900000,1.900000,30000,30000,30000,30000,30000,30000,30000,30000,30000,30000,30000,337,337,30001.745600020513,30014.387887835186,30001.745600020513,30032.96360000968,0.0
1763934672,50,,Aggregated,2.400000,2.400000,30000,30000,30000,30000,30000,30000,30000,30000,30000,30000,30000,340,340,30001.745600020513,30014.406043530424,30001.745600020513,30032.96360000968,0.0
1763934673,50,,Aggregated,2.900000,2.900000,30000,30000,30000,30000,30000,30000,30000,30000,30000,30000,30000,346,346,30001.745600020513,30014.35946329629,30001.745600020513,30032.96360000968,0.0
1763934674,50,,Aggregated,3.700000,3.700000,30000,30000,30000,30000,30000,30000,30000,30000,30000,30000,30000,349,349,30001.745600020513,30014.33649799589,30001.745600020513,30032.96360000968,0.0
1763934675,50,,Aggregated,3.700000,3.700000,30000,30000,30000,30000,30000,30000,30000,30000,30000,30000,30000,350,350,30001.745600020513,30014.344351715743,30001.745600020513,30032.96360000968,0.0
1763934676,50,,Aggregated,3.700000,3.700000,30000,30000,30000,30000,30000,30000,30000,30000,30000,30000,30000,350,350,30001.745600020513,30014.344351715743,30001.745600020513,30032.96360000968,0.0
1763934677,50,,Aggregated,3.700000,3.700000,30000,30000,30000,30000,30000,30000,30000,30000,30000,30000,30000,350,350,30001.745600020513,30014.344351715743,30001.745600020513,30032.96360000968,0.0
1763934678,50,,Aggregated,3.700000,3.700000,30000,30000,30000,30000,30000,30000,30000,30000,30000,30000,30000,350,350,30001.745600020513,30014.344351715743,30001.745600020513,30032.96360000968,0.0
1763934679,50,,Aggregated,3.700000,3.700000,30000,30000,30000,30000,30000,30000,30000,30000,30000,30000,30000,350,350,30001.745600020513,30014.344351715743,30001.745600020513,30032.96360000968,0.0
1763934680,50,,Aggregated,3.700000,3.700000,30000,30000,30000,30000,30000,30000,30000,30000,30000,30000,30000,350,350,30001.745600020513,30014.344351715743,30001.745600020513,30032.96360000968,0.0
1763934681,50,,Aggregated,3.700000,3.700000,30000,30000,30000,30000,30000,30000,30000,30000,30000,30000,30000,350,350,30001.745600020513,30014.344351715743,30001.745600020513,30032.96360000968,0.0
1763934682,50,,Aggregated,3.700000,3.700000,30000,30000,30000,30000,30000,30000,30000,30000,30000,30000,30000,350,350,30001.745600020513,30014.344351715743,30001.745600020513,30032.96360000968,0.0
1763934683,50,,Aggregated,3.700000,3.700000,30000,30000,30000,30000,30000,30000,30000,30000,30000,30000,30000,350,350,30001.745600020513,30014.344351715743,30001.745600020513,30032.96360000968,0.0
1763934684,50,,Aggregated,3.700000,3.700000,30000,30000,30000,30000,30000,30000,30000,30000,30000,30000,30000,350,350,30001.745600020513,30014.344351715743,30001.745600020513,30032.96360000968,0.0
1763934685,50,,Aggregated,3.700000,3.700000,30000,30000,30000,30000,30000,30000,30000,30000,30000,30000,30000,350,350,30001.745600020513,30014.344351715743,30001.745600020513,30032.96360000968,0.0
1763934686,50,,Aggregated,3.700000,3.700000,30000,30000,30000,30000,30000,30000,30000,30000,30000,30000,30000,350,350,30001.745600020513,30014.344351715743,30001.745600020513,30032.96360000968,0.0
1763934687,50,,Aggregated,3.700000,3.700000,30000,30000,30000,30000,30000,30000,30000,30000,30000,30000,30000,350,350,30001.745600020513,30014.344351715743,30001.745600020513,30032.96360000968,0.0
1763934688,50,,Aggregated,3.700000,3.700000,30000,30000,30000,30000,30000,30000,30000,30000,30000,30000,30000,350,350,30001.745600020513,30014.344351715743,30001.745600020513,30032.96360000968,0.0
1763934689,50,,Aggregated,3.700000,3.700000,30000,30000,30000,30000,30000,30000,30000,30000,30000,30000,30000,350,350,30001.745600020513,30014.344351715743,30001.745600020513,30032.96360000968,0.0
1763934690,50,,Aggregated,3.700000,3.700000,30000,30000,30000,30000,30000,30000,30000,30000,30000,30000,30000,350,350,30001.745600020513,30014.344351715743,30001.745600020513,30032.96360000968,0.0
1763934692,50,,Aggregated,3.700000,3.700000,30000,30000,30000,30000,30000,30000,30000,30000,30000,30000,30000,350,350,30001.745600020513,30014.344351715743,30001.745600020513,30032.96360000968,0.0
1763934693,50,,Aggregated,3.700000,3.700000,30000,30000,30000,30000,30000,30000,30000,30000,30000,30000,30000,350,350,30001.745600020513,30014.344351715743,30001.745600020513,30032.96360000968,0.0
1763934694,50,,Aggregated,3.700000,3.700000,30000,30000,30000,30000,30000,30000,30000,30000,30000,30000,30000,350,350,30001.745600020513,30014.344351715743,30001.745600020513,30032.96360000968,0.0
1763934695,50,,Aggregated,3.700000,3.700000,30000,30000,30000,30000,30000,30000,30000,30000,30000,30000,30000,350,350,30001.745600020513,30014.344351715743,30001.745600020513,30032.96360000968,0.0
1763934696,50,,Aggregated,0.000000,0.000000,30000,30000,30000,30000,30000,30000,30000,30000,30000,30000,30000,351,351,30001.745600020513,30014.343184901885,30001.745600020513,30032.96360000968,0.0
1763934697,50,,Aggregated,0.000000,0.000000,30000,30000,30000,30000,30000,30000,30000,30000,30000,30000,30000,351,351,30001.745600020513,30014.343184901885,30001.745600020513,30032.96360000968,0.0
1763934698,50,,Aggregated,0.000000,0.000000,30000,30000,30000,30000,30000,30000,30000,30000,30000,30000,30000,356,356,30001.745600020513,30014.287029215124,30001.745600020513,30032.96360000968,0.0
1763934699,50,,Aggregated,0.100000,0.100000,30000,30000,30000,30000,30000,30000,30000,30000,30000,30000,30000,363,363,30001.745600020513,30014.341056200006,30001.745600020513,30032.96360000968,0.0
1763934700,50,,Aggregated,0.100000,0.100000,30000,30000,30000,30000,30000,30000,30000,30000,30000,30000,30000,369,369,30001.745600020513,30014.374944446397,30001.745600020513,30032.96360000968,0.0
1763934701,50,,Aggregated,0.600000,0.600000,30000,30000,30000,30000,30000,30000,30000,30000,30000,30000,30000,370,370,30001.745600020513,30014.37244702891,30001.745600020513,30032.96360000968,0.0
1763934702,50,,Aggregated,1.300000,1.300000,30000,30000,30000,30000,30000,30000,30000,30000,30000,30000,30000,375,375,30001.745600020513,30014.380442935337,30001.745600020513,30032.96360000968,0.0
1763934703,50,,Aggregated,2.000000,2.000000,30000,30000,30000,30000,30000,30000,30000,30000,30000,30000,30000,381,381,30001.745600020513,30014.331031235633,30001.745600020513,30032.96360000968,0.0
1763934704,50,,Aggregated,2.500000,2.500000,30000,30000,30000,30000,30000,30000,30000,30000,30000,30000,30000,387,387,30001.745600020513,30014.310342379107,30001.745600020513,30032.96360000968,0.0
1763934705,50,,Aggregated,3.000000,3.000000,30000,30000,30000,30000,30000,30000,30000,30000,30000,30000,30000,393,393,30001.745600020513,30014.35104707543,30001.745600020513,30032.96360000968,0.0
1763934706,50,,Aggregated,3.000000,3.000000,30000,30000,30000,30000,30000,30000,30000,30000,30000,30000,30000,396,396,30001.745600020513,30014.327391163333,30001.745600020513,30032.96360000968,0.0
1763934707,50,,Aggregated,3.500000,3.500000,30000,30000,30000,30000,30000,30000,30000,30000,30000,30000,30000,397,397,30001.745600020513,30014.328665996745,30001.745600020513,30032.96360000968,0.0
1763934708,50,,Aggregated,4.200000,4.200000,30000,30000,30000,30000,30000,30000,30000,30000,30000,30000,30000,400,400,30001.745600020513,30014.331380251664,30001.745600020513,30032.96360000968,0.0
1763934709,50,,Aggregated,4.200000,4.200000,30000,30000,30000,30000,30000,30000,30000,30000,30000,30000,30000,400,400,30001.745600020513,30014.331380251664,30001.745600020513,30032.96360000968,0.0
1763934710,50,,Aggregated,4.200000,4.200000,30000,30000,30000,30000,30000,30000,30000,30000,30000,30000,30000,400,400,30001.745600020513,30014.331380251664,30001.745600020513,30032.96360000968,0.0
1763934711,50,,Aggregated,4.200000,4.200000,30000,30000,30000,30000,30000,30000,30000,30000,30000,30000,30000,400,400,30001.745600020513,30014.331380251664,30001.745600020513,30032.96360000968,0.0
1763934712,50,,Aggregated,4.200000,4.200000,30000,30000,30000,30000,30000,30000,30000,30000,30000,30000,30000,400,400,30001.745600020513,30014.331380251664,30001.745600020513,30032.96360000968,0.0
1763934713,50,,Aggregated,4.200000,4.200000,30000,30000,30000,30000,30000,30000,30000,30000,30000,30000,30000,400,400,30001.745600020513,30014.331380251664,30001.745600020513,30032.96360000968,0.0
1763934714,50,,Aggregated,4.200000,4.200000,30000,30000,30000,30000,30000,30000,30000,30000,30000,30000,30000,400,400,30001.745600020513,30014.331380251664,30001.745600020513,30032.96360000968,0.0
1763934715,50,,Aggregated,4.200000,4.200000,30000,30000,30000,30000,30000,30000,30000,30000,30000,30000,30000,400,400,30001.745600020513,30014.331380251664,30001.745600020513,30032.96360000968,0.0
1763934716,50,,Aggregated,4.200000,4.200000,30000,30000,30000,30000,30000,30000,30000,30000,30000,30000,30000,400,400,30001.745600020513,30014.331380251664,30001.745600020513,30032.96360000968,0.0
1763934717,50,,Aggregated,4.200000,4.200000,30000,30000,30000,30000,30000,30000,30000,30000,30000,30000,30000,400,400,30001.745600020513,30014.331380251664,30001.745600020513,30032.96360000968,0.0
1763934718,50,,Aggregated,4.200000,4.200000,30000,30000,30000,30000,30000,30000,30000,30000,30000,30000,30000,400,400,30001.745600020513,30014.331380251664,30001.745600020513,30032.96360000968,0.0
1763934719,50,,Aggregated,4.200000,4.200000,30000,30000,30000,30000,30000,30000,30000,30000,30000,30000,30000,400,400,30001.745600020513,30014.331380251664,30001.745600020513,30032.96360000968,0.0
1763934720,50,,Aggregated,4.200000,4.200000,30000,30000,30000,30000,30000,30000,30000,30000,30000,30000,30000,400,400,30001.745600020513,30014.331380251664,30001.745600020513,30032.96360000968,0.0
1763934721,50,,Aggregated,4.200000,4.200000,30000,30000,30000,30000,30000,30000,30000,30000,30000,30000,30000,400,400,30001.745600020513,30014.331380251664,30001.745600020513,30032.96360000968,0.0
1763934722,50,,Aggregated,4.200000,4.200000,30000,30000,30000,30000,30000,30000,30000,30000,30000,30000,30000,400,400,30001.745600020513,30014.331380251664,30001.745600020513,30032.96360000968,0.0
1763934723,50,,Aggregated,4.200000,4.200000,30000,30000,30000,30000,30000,30000,30000,30000,30000,30000,30000,400,400,30001.745600020513,30014.331380251664,30001.745600020513,30032.96360000968,0.0
1763934724,50,,Aggregated,4.200000,4.200000,30000,30000,30000,30000,30000,30000,30000,30000,30000,30000,30000,400,400,30001.745600020513,30014.331380251664,30001.745600020513,30032.96360000968,0.0
1763934725,50,,Aggregated,4.200000,4.200000,30000,30000,30000,30000,30000,30000,30000,30000,30000,30000,30000,400,400,30001.745600020513,30014.331380251664,30001.745600020513,30032.96360000968,0.0
1763934726,50,,Aggregated,4.200000,4.200000,30000,30000,30000,30000,30000,30000,30000,30000,30000,30000,30000,400,400,30001.745600020513,30014.331380251664,30001.745600020513,30032.96360000968,0.0
1763934727,50,,Aggregated,4.200000,4.200000,30000,30000,30000,30000,30000,30000,30000,30000,30000,30000,30000,400,400,30001.745600020513,30014.331380251664,30001.745600020513,30032.96360000968,0.0
1763934728,50,,Aggregated,4.200000,4.200000,30000,30000,30000,30000,30000,30000,30000,30000,30000,30000,30000,400,400,30001.745600020513,30014.331380251664,30001.745600020513,30032.96360000968,0.0
1763934729,50,,Aggregated,0.000000,0.000000,30000,30000,30000,30000,30000,30000,30000,30000,30000,30000,30000,404,404,30001.745600020513,30014.327393071006,30001.745600020513,30032.96360000968,0.0
1763934730,50,,Aggregated,0.000000,0.000000,30000,30000,30000,30000,30000,30000,30000,30000,30000,30000,30000,406,406,30001.745600020513,30014.33568867151,30001.745600020513,30032.96360000968,0.0
1763934731,50,,Aggregated,0.400000,0.400000,30000,30000,30000,30000,30000,30000,30000,30000,30000,30000,30000,413,413,30001.745600020513,30014.312703875847,30001.745600020513,30032.96360000968,0.0
1763934732,50,,Aggregated,0.400000,0.400000,30000,30000,30000,30000,30000,30000,30000,30000,30000,30000,30000,418,418,30001.745600020513,30014.339247370302,30001.745600020513,30032.96360000968,0.0
1763934733,50,,Aggregated,0.800000,0.800000,30000,30000,30000,30000,30000,30000,30000,30000,30000,30000,30000,423,423,30001.745600020513,30014.32364113681,30001.745600020513,30032.96360000968,0.0
1763934734,50,,Aggregated,1.800000,1.800000,30000,30000,30000,30000,30000,30000,30000,30000,30000,30000,30000,427,427,30001.745600020513,30014.30457213344,30001.745600020513,30032.96360000968,0.0
1763934735,50,,Aggregated,2.000000,2.000000,30000,30000,30000,30000,30000,30000,30000,30000,30000,30000,30000,430,430,30001.745600020513,30014.314327444215,30001.745600020513,30032.96360000968,0.0
1763934736,50,,Aggregated,2.400000,2.400000,30000,30000,30000,30000,30000,30000,30000,30000,30000,30000,30000,436,436,30001.745600020513,30014.31868188353,30001.745600020513,30032.96360000968,0.0
1763934737,50,,Aggregated,2.800000,2.800000,30000,30000,30000,30000,30000,30000,30000,30000,30000,30000,30000,442,442,30001.745600020513,30014.402089142935,30001.745600020513,30032.96360000968,0.0
1763934738,50,,Aggregated,3.300000,3.300000,30000,30000,30000,30000,30000,30000,30000,30000,30000,30000,30000,446,446,30001.745600020513,30014.382872872193,30001.745600020513,30032.96360000968,0.0
1763934739,50,,Aggregated,3.300000,3.300000,30000,30000,30000,30000,30000,30000,30000,30000,30000,30000,30000,447,447,30001.745600020513,30014.38163087483,30001.745600020513,30032.96360000968,0.0
1763934740,50,,Aggregated,4.000000,4.000000,30000,30000,30000,30000,30000,30000,30000,30000,30000,30000,30000,450,450,30001.745600020513,30014.35764289095,30001.745600020513,30032.96360000968,0.0
